﻿ID,Title,Content,Excerpt,Date,"Post Type",Permalink,"Image URL","Image Title","Image Caption","Image Description","Image Alt Text","Image Featured","Attachment URL",Status,"Author ID","Author Username","Author Email","Author First Name","Author Last Name",Slug,Format,Template,Parent,"Parent Slug",Order,"Comment Status","Ping Status","Post Modified Date"
28,PV/3C/7/M69,,,2024-08-14,mieszkania,http://localhost/restate/oferta/pv-3c-7-m69/,,,,,,,,publish,1,acorn,ciompi222@gmail.com,,,pv-3c-7-m69,,,0,0,0,closed,closed,2024-08-18
33,PV/3C/7/M68,,,2024-08-14,mieszkania,http://localhost/restate/oferta/pv-3c-7-m68/,,,,,,,,publish,1,acorn,ciompi222@gmail.com,,,pv-3c-7-m68,,,0,0,0,closed,closed,2024-09-27
34,PV/3B/2/M12,,,2024-08-14,mieszkania,http://localhost/restate/oferta/pv-3b-2-m12/,,,,,,,,publish,1,acorn,ciompi222@gmail.com,,,pv-3b-2-m12,,,0,0,0,closed,closed,2024-10-11
36,WR/0A/10/M139,,,2024-08-19,mieszkania,http://localhost/restate/oferta/wr-0a-10-m139/,,,,,,,,publish,1,acorn,ciompi222@gmail.com,,,wr-0a-10-m139,,,0,0,0,closed,closed,2024-08-19
37,WR/0A/9/M134,,,2024-08-19,mieszkania,http://localhost/restate/oferta/wr-0a-9-m134/,,,,,,,,publish,1,acorn,ciompi222@gmail.com,,,wr-0a-9-m134,,,0,0,0,closed,closed,2024-08-19
