﻿ID,Title,Content,metraz,_metraz,pokoje,_pokoje,pietro,_pietro,numer_budynku,_numer_budynku,status,_status,inwestycja,_inwestycja,powierzchnie_dodatkowe,_powierzchnie_dodatkowe,numer_lokalu,_numer_lokalu,thumbnail_grid,_thumbnail_grid,rzut_mieszkania,_rzut_mieszkania,lokalizacja_inwestycji,_lokalizacja_inwestycji,udogodnienia,_udogodnienia
28,PV/3C/7/M69,,80.03,field_66bcbb9ce50af,2,field_66bcbbbbe50b0,7,field_66bcbbca59593,3C,field_66bcbc2a59594,Wolne,field_66bcbc3759595,"Praga Vita",field_66bcbc3d59596,"a:2:{i:0;s:6:""Ogród"";i:1;s:6:""Balkon"";}",field_66bcbc4959597,M69,field_66bcbc5159598,http://localhost/restate/wp-content/uploads/investments/pv-2024/previews/preview_PV:3C:7:M68.webp,field_66bccf3150bf2,,field_66bccf738fa3f,Warszawa,field_66bcd32ad85f0,,
33,PV/3C/7/M68,,41.66,field_66bcbb9ce50af,2,field_66bcbbbbe50b0,7,field_66bcbbca59593,3C,field_66bcbc2a59594,Zarezerwowane,field_66bcbc3759595,"Praga Vita",field_66bcbc3d59596,"a:1:{i:0;s:6:""Balkon"";}",field_66bcbc4959597,M68,field_66bcbc5159598,http://localhost/restate/wp-content/uploads/investments/pv-2024/previews/preview_PV:3B:2:M12.webp,field_66bccf3150bf2,,field_66bccf738fa3f,Warszawa,field_66bcd32ad85f0,"a:1:{i:0;s:5:""winda"";}",field_66f6d4b2b7544
34,PV/3B/2/M12,,49.42,field_66bcbb9ce50af,2,field_66bcbbbbe50b0,2,field_66bcbbca59593,3B,field_66bcbc2a59594,Wolne,field_66bcbc3759595,"Praga Vita",field_66bcbc3d59596,"a:1:{i:0;s:6:""Balkon"";}",field_66bcbc4959597,M12,field_66bcbc5159598,http://localhost/restate/wp-content/uploads/investments/pv-2024/previews/preview_PV:3B:2:M12.webp,field_66bccf3150bf2,,field_66bccf738fa3f,Warszawa,field_66bcd32ad85f0,"a:2:{i:0;s:5:""winda"";i:1;s:7:""ogrodek"";}",field_66f6d4b2b7544
36,WR/0A/10/M139,,104.63,field_66bcbb9ce50af,5,field_66bcbbbbe50b0,10,field_66bcbbca59593,0A,field_66bcbc2a59594,Wolne,field_66bcbc3759595,"Wisła Residence",field_66bcbc3d59596,"a:1:{i:0;s:6:""Ogród"";}",field_66bcbc4959597,M139,field_66bcbc5159598,http://localhost/restate/wp-content/uploads/investments/pv-2024/previews/preview_PV:3B:2:M12.webp,field_66bccf3150bf2,,field_66bccf738fa3f,Warszawa,field_66bcd32ad85f0,,
37,WR/0A/9/M134,,111.40,field_66bcbb9ce50af,5,field_66bcbbbbe50b0,9,field_66bcbbca59593,0A,field_66bcbc2a59594,Wolne,field_66bcbc3759595,"Wisła Residence",field_66bcbc3d59596,"a:1:{i:0;s:6:""Balkon"";}",field_66bcbc4959597,M134,field_66bcbc5159598,http://localhost/restate/wp-content/uploads/investments/pv-2024/previews/preview_PV:3B:2:M12.webp,field_66bccf3150bf2,,field_66bccf738fa3f,Warszawa,field_66bcd32ad85f0,,
